name,coatOfArms,currentLord,region,overlord,died out,words,seat,title,cadetBranch,ancestralWeapon,founder,founded,heir,allegiance,book(s),born,race,episode #,airdate,director
House Cargyll," Bendy sinister sable and gules, a goose Or", extinct,Crownlands,House Targaryen,209 AC,,,,,,,,,,,,,,,
House Redfort," A red castle, on a white field, within a red embattled border<br>(<i>Argent, a castle within a bordure embattled gules</i>)",Horton Redfort,The Vale,House Arryn,, <i>As Strong as Stone</i>,Redfort,Redfort,,,,,,,,,,,,
House Lannister," A gold lion, on a crimson field<br>(<i>Gules, a lion or</i>)",Cersei Lannister,Westerlands,House Baratheon of King's Landing,, <i>Hear Me Roar!</i>,Casterly Rock,King of the Rock,House Lannister of Lannisport,Brightroar,Lann the Clever,Age of Heroes,,,,,,,,
House Tyrell," Vert, a rose Or",Mace Tyrell,Reach,House Baratheon of King's Landing,, <i>Growing Strong</i>,Highgarden,Highgarden,House Tyrell of Brightwater Keep,,Alester Tyrell,,Willas Tyrell,,,,,,,
House Mooton," A red salmon within a gold tressure, on a white field<br>(<i>Argent, a salmon gules within a tressure or</i>)",William Mooton,Riverlands,House Baelish of Harrenhal,, <i>Wisdom and Strength</i>,Maidenpool, Lord of Maidenpool,,,,,,,,,,,,
House Merryweather," White, a cornucopia Or spilling foods proper within a bordure Or",Orton Merryweather,the Reach,House Tyrell,, <i>Behold Our Bounty</i>,Longtable,,,,,,Russell Merryweather,,,,,,,
House Moreland, Per pale barry russet and green<br>(<i>Per pale barry tenné and vert</i>),Robin Moreland,Westerlands,House Lannister,,,,,,,Pate the Plowman,,,,,,,,,
House Mallister," A silver eagle, displayed, on an indigo field<br>(<i>Purpure, an eagle displayed argent</i>)",Jason Mallister,Riverlands,House Baelish of Harrenhal,, <i>Above the Rest</i>,Seagard, Lord of Seagard,,,,,Patrek Mallister,,,,,,,
House Waynwood," A broken black wheel, on a green field<br>(<i>Vert, a wheel broken sable</i>)",Anya Waynwood,The Vale,House Arryn,,,Ironoaks,Ironoaks,,,,,Morton Waynwood,,,,,,,
House Volmark," Cendrée, a leviathan sable",Maron Volmark,Iron Islands,House Harlaw,,,Volmark, Lord of Volmark<br>Lord of Greenshield,,,,,,,,,,,,
House Manwoody," Sable, a skull argent crowned or.",Dagos Manwoody,Dorne,House Martell,,,Kingsgrave,,,,,,Mors Manwoody,,,,,,,
House Marbrand," An orange burning tree, on a smoky field<br>(<i>Cendrée, a tree in flame tenné</i>)",Damon Marbrand,Westerlands,House Lannister,, <i>Burning bright</i>,Ashemark,Ashemark,,,,,Addam Marbrand,,,,,,,
House Templeton," Nine stars, one of seven points and eight of six points, on a gold saltire, on a black field<br>(<i>Sable, on a saltire or, nine mullets of the field, that in fesse-point of seven points, all others of six points</i>)",Ser,,House Arryn,,,Ninestars,Knight of Ninestars,,,,,,,,,,,,
House Manderly," A white merman with dark green hair, beard and tail, carrying a black trident, on a blue-green field",Wyman Manderly,North,House Bolton,,,New Castle,White Harbor,,,,,Wylis Manderly,,,,,,,
House Redwyne," Azure, a grape cluster proper",Paxter Redwyne,Reach,House Tyrell,,,Arbor,Arbor,,,Gilbert of the Vines,,Horas Redwyne,,,,,,,
House Mormont," A wood vert, a bear sable",Maege Mormont,The North,House Stark,, <i>Here We Stand</i>,Bear Island,Bear Island,,Longclaw,,,Alysane Mormont,,,,,,,
House Morrigen," A black crow in flight on a storm-green field<br>(<i>Vert, a crow volant sable</i>)",Lester Morrigen,Stormlands,House Baratheon,,,Crow's Nest, Lord of Crow's Nest,,,,,Richard Morrigen,,,,,,,
House Florent, A red fox in a circle of blue flowers on ermine,Alekyne Florent,The Reach,House Baratheon of Dragonstone,,,Brightwater Keep,Brightwater,,,Florys the Fox,,Melessa Florent,,,,,,,
House Stark," A running grey direwolf, on an ice-white field", unknown,North,House Baratheon of King's Landing,, <i>Winter is Coming</i>,Winterfell,King in the North,House Greystark,Ice,Bran the Builder,Age of Heroes,,,,,,,,
House Greyjoy," Sable, a kraken Or",Euron Greyjoy,Iron Islands,sovereign,, <i>We Do Not Sow</i>,Pyke,Lord Reaper of Pyke,,,,Age of Heroes,Theon Greyjoy,,,,,,,
House Whent," Nine black bats, on a yellow field<br>(<i>Or, nine bats, 4, 3, 2, displayed sable</i>)", <i>Extinct</i>,Riverlands,House Tully,,,Harrenhal,Lord of Harrenhal,,,,,,,,,,,,
House Bolton, A red flayed man on pink de sang,Roose Bolton,north,House Baratheon of King's Landing,, <i>Our Blades are Sharp</i>,Dreadfort,Red King,House Bolton of Winterfell,,,Age of Heroes,Ramsay Bolton,,,,,,,
House Hornwood," Tenny, a bull moose trippant proper",,North,House Stark,, <i>Righteous in Wrath</i>,Hornwood,Lord of the Hornwood,,,,,,,,,,,,
House Hightower," Cendrée, a tower argent with a beacon on fire gules",Leyton Hightower,Reach,House Tyrell,, <i>We Light the Way</i>,Hightower,Lord of the Hightower,,Vigilance,Uthor of the High Tower,Age of Dawn,Baelor Hightower,,,,,,,
House Parren," Per saltire: burgundy and white stripes; a black lion's head on a gold field<br>(<i>Per saltire, the first paly gules and argent, the second or, a lion's head erased sable</i>)", Extinct,the Westerlands,House Lannister,209 AC,,,,,,,,,,,,,,,
House Penrose," White crossed quills, on a russet field<br>(<i>Tenné, two quills saltirewise argent</i>)",,The Stormlands,House Baratheon,, <i>Set Down Our Deeds</i>,Parchments,Parchments,,,,,,,,,,,,
House Orkwood," Or, semy of pines vert",,Iron Islands,House Greyjoy,,,Orkmont,,,,,,,,,,,,,
House Reed," Vert, a lizard-lion sable",Howland Reed,The Neck,House Stark,,,Greywater Watch,,,,,,Jojen Reed,,,,,,,
House Royce of the Gates of the Moon," A black portcullis over a white crescent moon, on a purple field, bordered with runes on bronze<br>(<i>Purpure, a moon increscent argent surmounted by a portcullis sable, all within a bordure tenné charged with ancient runes of the third</i>)",Nestor Royce,Vale,House Arryn,,,Gates of the Moon, Lord of the Gates of the Moon,,,,,Albar Royce,,,,,,,
House Paege," Twining red-and-white snakes, on a black field<br>(<i>Sable, two serpents argent and gules entwined palewise</i>)",Halmon Paege,Riverlands,House Baelish of Harrenhal,,,,,,,,,,,,,,,,
House Dayne," A white sword and falling star crossed on lilac (<i>Purpure, a blazing star bendways surmounted by a sword bendways sinister argent</i>)",Edric Dayne,Dorne,House Martell,,,Starfall,Lord of Starfall,House Dayne of High Hermitage,Dawn,,,,,,,,,,
House Baratheon," A black crowned stag, on a gold field<br>(<i>Or, a stag salient, crowned, sable</i>)",Tommen I,Stormlands,Baratheons of King's Landing,, <i>Ours is the Fury</i>,Storm's End,Storm's End,Baratheons of King's Landing,,Orys Baratheon,1 AC,Myrcella,,,,,,,
House Tarth," Quartered, yellow sun on a rose-coloured field and white crescents on a blue field<br>(<i>Quarterly, first and fourth, carnation, a sun-in-splendour or, second and third, azure, a moon increscent argent</i>)",Selwyn Tarth,Stormlands,House Baratheon,,,Evenfall Hall,Tarth,,,,,Brienne of Tarth,,,,,,,
House Clegane," Three dogs on a yellow field<br>(<i>Or, three dogs courant in pale sable</i>)", Extinct,the Westerlands,House Lannister,,,Clegane's Keep, Ser,,,Clegane,,,,,,,,,
House Waxley," Three candles, white with red flames, within silver candle holders, on a grey field within a black border<br>(<i>Cendrée, three candles in holders argent, flamed gules, within a bordure sable</i>)",Edmund Waxley,The Vale,House Arryn,, <i>Light in Darkness</i>,Wickenden, The Knight of Wickenden,,,,,,,,,,,,
House Baratheon of Dragonstone," Or, a heart gules enflamed proper charged with a stag's head sable crowned of the field",Stannis I,Crownlands,sovereign,,,Dragonstone,King of Westeros,,,Stannis Baratheon,284 AC,Shireen Baratheon,,,,,,,
House Baratheon of King's Landing," A black crowned stag and a gold lion, combatant, on a per pale gold and crimson field<br>(<i>Per pale or and gules, a stag, crowned, sable and a lion of the first combatant</i>)",Tommen of House Baratheon,Crownlands,sovereign,,,Red Keep,,,,Robert I Baratheon,283 AC,Myrcella Baratheon,,,,,,,
House Mullendore, Black-and-orange butterflies on white,Martyn Mullendore,the Reach,House Hightower,,,Uplands, Lord of Uplands,,,,,,,,,,,,
House Gargalen," Or, a cockatrice gules, in its beak a serpent sable",Tremond Gargalen,Dorne,House Martell,,,Salt Shore, Lord of Salt Shore,,,,,,,,,,,,
House Westerling," Six white shells, on a sand-coloured field<br>(<i>Or, six escallops argent</i>)",Gawen Westerling,Westerlands,House Lannister,," <i>Honor, Not Honors</i>",Crag,Crag,,,,,Rollam Westerling,,,,,,,
House Martell," Tenny, a sun in splendour gules transfixed by a spear bendwise Or",Doran Martell,Dorne,House Baratheon of King's Landing,," <i>Unbowed, Unbent, Unbroken</i>",Old Palace,Sandship,,,Morgan Martell," 1,000 years ago",Arianne Martell,,,,,,,
House Umber," Gules, a roaring giant proper with shattered chains argent","Jon ""Greatjon"" Umber",The North,House Stark,,,Last Hearth,Last Hearth,,,,,,,,,,,,
House Uller, per fess rayonny Or and gules,Harmen Uller,Dorne,House Martell,,,Hellholt, Lord of Hellholt,,,,,,,,,,,,
House Royce," Black iron studs on a bronze field, bordered with runes<br>(<i>Tenné pelletée, an orle of ancient runes sable</i>)",Yohn Royce,The Vale,House Arryn,, <i>We Remember</i>,Runestone,"High King of the Vale, the Fingers and the Mountains of the Moon",Royce of the Gates of the Moon,Lamentation,,Age of Heroes,Andar Royce,,,,,,,
House Tarly," Vert, a huntsman striding to dexter proper garbed gules",Randyll Tarly,The Reach,House Tyrell,, <i>First in Battle</i>,Horn Hill, Lord of Horn Hill,,Heartsbane,,,Dickon Tarly,,,,,,,
House Oakheart," Or, three oak leaves vert",Arwyn Oakheart,The Reach,House Tyrell,, <i>Our Roots Go Deep</i>,Old Oak,,,,John the Oak,,,,,,,,,
House Piper," A pink dancing maiden in a swirl of white silk, on a blue field<br>(<i>Azure, a maiden dancing proper enwrapped with silk argent</i>)",Clement Piper,Riverlands,House Baelish of Harrenhal,, <i>Brave and Beautiful</i>,Pinkmaiden Castle,,,,,,Marq Piper,,,,,,,
House Plumm," Three purple roundels, on a gold field<br>(<i>Or, three golpes</i>)",Philip Plumm,Westerlands,House Lannister,, <i>Come Try Me</i>,,,,,,,Dennis Plumm,,,,,,,
House Prester," A red ox, on an ermine field<br>(<i>Ermine, an ox passant gules</i>)",Garrison Prester,Westerlands,House Lannister,, <i>Tireless</i>,Feastfires, Lord of Feastfires,,,,,,,,,,,,
House Qorgyle," Gules, three scorpions sable.",Quentyn Qorgyle,Dorne,House Martell,,,Sandstone, Lord of Sandstone,,,,,Gulian Qorgyle,,,,,,,
House Swann," Battling swans black and white, beaks and feet golden, on per pale white and black field<br>(<i>Per pale argent and sable, two swans combatant counterchanged, beaked and membered or</i>)",Gulian Swann,Stormlands,House Baratheon,,,Stonehelm, Lord of Stonehelm,,,,,Donnel Swann,,,,,,,
House Sunglass," Argent, seven mullets of seven points or", Lord Sunglass,Blackwater Bay,House Baratheon of Dragonstone,,,Sweetport Sound,Lord,,,,,,,,,,,,
House Rosby," Ermine, three chevronels gules",Gyles Rosby,Crownlands,House Baratheon of King's Landing,,,Rosby,Rosby,,,,,,,,,,,,
House Corbray," Three black ravens in flight, holding three red hearts, on a white field<br>(<i>Argent, three ravens volant sable, each clutching in their claws a heart gules</i>)",Lyonel Corbray,,House Arryn,,,Heart's Home,King of the Fingers,,Lady Forlorn,Corwyn Cobray,,Lyn Corbray,,,,,,,
House Ruttiger," An orange engrailed bend, on a black field<br>(<i>Sable, a bend tenné engrailed</i>)",Raynard Ruttiger,the Westerlands,House Lannister,,,,,,,,,,,,,,,,
House Rowan," Argent, a tree eradicated",Mathis Rowan,Reach,House Tyrell,,,Goldengrove,Goldengrove,,,Rowan Gold-Tree,,,,,,,,,
House Saltcliffe," Argent, a serpent nine-headed sable",Donnor Saltcliffe,Iron Islands,House Greyjoy,,,Saltcliffe,,,,,,,,,,,,,
House Tawney," A scourge of nettles, red and black, on white",,Iron Islands,House Greyjoy,,,Orkmont,,,,,,,,,,,,,
House Ryswell," Bronze, a horse's head sable orbed and maned gules within a bordure engrailed sable",Rodrik Ryswell,North,House Bolton,,,,Rills,,,,,,,,,,,,
House Frey," Two blue towers, united by a bridge, on a silver-grey field<br>(<i>Cendrée, a bridge azure, at either end a tower of the same</i>)",Walder Frey,riverlands,House Baelish of Harrenhal,,,Twins,Lord of the Crossing,House Frey of Riverrun,,, 600 years ago,Edwyn Frey,,,,,,,
House Serry," Argent, an escutcheon gules charged with a rose of the first all within a bordure embattled of the second",Osbert Serry,Shield Islands,House Tyrell,,,Southshield,,,,,,Talbert Serry,,,,,,,
House Stackspear," Two crossed black spears, on a checkered silver and gold field<br>(<i>Chequy argent and or, two spears in saltire sable</i>)",Selmond Stackspear,the Westerlands,House Lannister,,,,,,,,,Steffon Stackspear,,,,,,,
House Sparr, an oak saltire on blue,The Sparr,Iron Islands,House Greyjoy,,,Great Wyk,,,,,,,,,,,,,
House Staedmon," A black dagger piercing a red heart on a white de sang field, within an undulating red border<br>(<i>Argent goutté-de-sang, a heart gules transfixed by a dagger sable, all within a bordure wavy of the second</i>)",Alesander Staedmon,the Stormlands,House Baratheon,,,Broad Arch,,,,,,,,,,,,,
,,,,,,,,,,,,,,,,,,,,
House Arryn," A sky-blue falcon soaring against a white moon, on a sky-blue field<br>(<i>Bleu celeste, upon a plate a falcon volant of the field</i>)",Robert Arryn,Vale of Arryn,House Baratheon of King's Landing,, <i>As High as Honor</i>,Eyrie,King of Mountain and Vale,House Arryn of Gulltown,,Artys Arryn,Coming of the Andals,Harrold Hardyng,,,,,,,
House Tully," A leaping silver trout on a field of blue and mud red<br>(<i>Paly wavy azure and gules, a trout embowed argent</i>)",Edmure Tully,Riverlands,House Stark,," <i>Family, Duty, Honor</i>",Riverrun,Riverrun,,,,,Roslin Frey,,,,,,,
House Sunderly," A drowned man, pink and pale, floating upright in a blue-green sea",,Iron Islands,House Greyjoy,,,,,,,,,,,,,,,,
House Stokeworth," Vert, a lamb couchant argent holding a goblet or",Lollys Stokeworth,Crownlands,House Baratheon of King's Landing,, <i>Proud to be Faithful</i>,Stokeworth, Lord of Stokeworth,,,,,Tyrion Tanner,,,,,,,
House Sunderland," Three women's heads, white with black hair, on a barry wavy blue and green field<br>(<i>Barry wavy azure and vert, three women's heads argents, crined sable</i>)",Triston Sunderland,Vale of Arryn,House Arryn,,,Sisterton,Three Sisters,,,,,,,,,,,,
House Stonehouse, a black brazier on a grey masonry field,The Stonehouse,Iron Islands,House Greyjoy,,,Old Wyk,,,,,,,,,,,,,
House Santagar," Per bend sinister azure and argent, a leopard rampant Or spotted sable bearing an axe of the third",Symon Santagar,Dorne,House Martell,,,Spottswood, the Knight of Spottswood,,,,Andal Invasion,Sylva Santagar,,,,,,,
House Swyft," A blue bantam rooster, on a yellow field<br>(<i>Or, a cock close azure</i>)",Harys Swyft,Westerlands,House Lannister,, <i>Awake! Awake!</i>,Cornfield,Knight,,,,,Steffon Swyft,,,,,,,
,,,,,,,,,,,,,,,,,,,,
House Tollett, Pily grey and black<br>(<i>Pily cendrée and sable</i>),Uthor Tollett,The Vale,House Royce,, <i>When All is Darkest</i>,Grey Glen,Grey Glen,,,,,,,,,,,,
House Vance of Atranta," Quartered, a green dragon on a white field and a white tower on a black field<br>(<i>Quarterly, first and fourth, argent, a dragon vert, second and third, sable, a tower argent</i>)",Norbert Vance,Riverlands,House Baelish of Harrenhal,,,Atranta,,,,Armistead Vance,,Ronald Vance,,,,,,,
House Toland," Or, a dragon biting its tail vert",Nymella Toland,Dorne,House Martell,,,Ghost Hill,,,,,,,,,,,,,
House Velaryon," seahorse rampant argent, on sea green",Monterys Velaryon,Blackwater Bay,House Baratheon of Dragonstone,," <i>The Old, the True, the Brave</i>",High Tide,Lord of the Tides,,,,114BC,,,,,,,,
House Tallhart," Tenny, three sentinel trees vert",Eddara Tallhart,North,House Bolton,, <i>Proud and Free</i>,Torrhen's Square, Master of Torrhen's Square,,,,,Brandon Tallhart,,,,,,,
,,,,,,,,,,,,,,,,,,,,
House Norrey," Or,six thistles slipped vert",Brandon Norrey,The North,House Stark,,,, The Norrey<br>Lord Norrey,,,,,,,,,,,,
House Vikary," Quarterly: a red boar's head on a white field; beneath a gold bend sinister, a silver lion rampant regardant with a forked tail, with gold teeth and claws, on a red field<br>(<i>Quarterly, first and fourth, argent, a boar's head couped gules, second and third, gules, a lion rampant regardant queue-forché argent, armed and langued or, debruised by a bend sinister of the last</i>)",Lymond Vikary,Westerlands,House Lannister,,,,,,,,,,,,,,,,
House Targaryen," Sable, a dragon thrice-headed gules",Daenerys Targaryen,Crownlands, None,, <i>Fire and Blood</i>,Red Keep,King,House Blackfyre,Blackfyre,,126 BC,,,,,,,,
House Wull," Azure, three wooden buckets tenné, a bordure chequy cendrée and white",Hugo Wull,North,House Stark,,,, The Wull <br> Lord Wull,,,,,,,,,,,,
House Wynch, a bloody moon on purple,Waldon Wynch,Iron Islands,House Greyjoy,,,Iron Holt, Lord of Iron Holt,,,,,,,,,,,,
House Yew," A golden longbow between two crimson flaunches, on a white field<br>(<i>Argent, a longbow or between two flaunches gules</i>)",Manfryd Yew,Westerlands,House Lannister,,,,,,,Alan o' the Oak,,,,,,,,,
House Burley," White, upon a pile azure a knife white",,North,House Bolton,,,,,,,,,,,,,,,,
House Yronwood," Or, a portcullis sable",Anders Yronwood,Dorne,House Martell,, <i>We Guard the Way</i>,Yronwood,The Bloodroyal,,,,,Gwyneth Yronwood,,,,,,,
House Allyrion," Gyronny Gules and Sable, a hand couped Or",Delonne Allyrion,Dorne,House Martell,, <i>No Foe May Pass</i>,Godsgrace,,,,,,Ryon Allyrion,,,,,,,
House Banefort," A black hooded man, on a grey field, within a fiery tressure<br>(<i>Cendrée, a hooded man sable within a tressure rayonné along the outer edge gules</i>)",Quenten Banefort,Westerlands,House Lannister,,,Banefort,"<a href=""#cite_note-Rasosappendix.7B.7B.7B3.7D.7D.7D-0"">[1]",,,Hooded Man,,,,,,,,,
House Bar Emmon," Fretty argent and white, a swordfish embowed haurient azure",Duram Bar Emmon,Massey's Hook,House Baratheon of Dragonstone,,,Sharp Point, Lord of Sharp Point,,,,,,,,,,,,
House Beesbury," Paly or and sable, on a pale of the last three beehives of the first",Warryn Beesbury,Reach,House Hightower,, <i>Beware our Sting</i>,Honeyholt,Honeyholt,,,Ellyn Ever Sweet,,,,,,,,,
House Belmore," Six silver bells, 3, 2, 1, on a purple field<br>(<i>Purpure, six bells, 3, 2, 1, argent</i>)",Benedar Belmore,The Vale,House Arryn,,,Strongsong, Lord of Strongsong,,,,,,,,,,,,
House Ambrose," Or, semy of ants gules",Arthur Ambrose,The Reach,House Tyrell,, <i>Never Resting</i>,,,,,,,,,,,,,,
House Blacktyde,"<a href=""#cite_note-CIT-0"">[1]",,Iron Islands,House Greyjoy,,,Blacktyde,"<a href=""#cite_note-Racok24.7B.7B.7B3.7D.7D.7D-1"">[2]",,,,,,,,,,,,
House Blackmont," A black vulture with a pink infant in its claws, on yellow",Larra Blackmont,Dorne,House Martell,,,Blackmont,,,,,,Jynessa Blackmont,,,,,,,
House Bracken," A red stallion upon a gold shield, on a brown field<br>(<i>Tenné, on an escutcheon or a stallion rampant gules</i>)",Jonos Bracken,Riverlands,House Tully,,,Stone Hedge,Stone Hedge,,,,Age of Heroes,,,,,,,,
House Botley," Vert, semy of fishes argent",Germund Botley,Iron Islands,House Greyjoy,,,Lordsport, Lord of Lordsport,,,,,,,,,,,,
House Brax," A purple unicorn, on a silver field<br>(<i>Argent, a unicorn rampant purpure</i>)",Tytos Brax,Westerlands,House Lannister,,,Hornvale,Hornvale,,,,,Flement Brax,,,,,,,
House Blackwood," A flock of ravens surrounding a black shield charged with a dead weirwood, on a scarlet field<br>(<i>Gules, on an escutcheon sable a dead weirwood tree proper, all within an orle of ravens volant sable</i>)",Tytos Blackwood,Riverlands,House Baelish of Harrenhal,,,Raventree Hall, Lord of Raventree,,,,Age of Heroes,Brynden Blackwood,,,,,,,
House Buckler," Three brass buckles, on a blue field<br>(<i>Azure, three buckles or</i>)",Ralph Buckler,the Stormlands,House Baratheon,,,Bronzegate,,,,,,,,,,,,,
House Celtigar," Argent, semy of crabs gules",Ardrian Celtigar,Blackwater Bay,House Baratheon of King's Landing,,,Claw Isle, Lord of Claw Isle,,,, prior to ~112 years before the Conquest,,,,,,,,
House Bulwer," Sanguine, a bull`s skull argent",Alysanne Bulwer,the Reach,House Hightower,, <i>Death Before Disgrace</i>,Blackcrown,,,, Bors the Breaker,,,,,,,,,
House Caron," A field of black nightingales on yellow<br>(<i>Or, semé of nightingales sable</i>)",Rolland Storm,Stormlands,House Baratheon of Dragonstone,, <i>No Song so Sweet</i>,Nightsong,Lord of the Marches,,,,,,,,,,,,
House Chester," A green hand on a gold escutcheon on a green field, a border of red rayonne",Moribald Chester,the Reach,House Tyrell,,,Greenshield,,,,,,,,,,,,,
House Cerwyn," Argent, a battle-axe paleways sable",Jonelle Cerwyn,North,House Bolton,, <i>Honed and Ready</i>,Castle Cerwyn, Lord of Cerwyn,,,,,,,,,,,,
House Coldwater," A blue pall with white borders, on a red field<br>(<i>Gules, a pall azure, fimbriated argent</i>)",Royce Coldwater,The Vale,House Royce,,,Coldwater Burn, Lord of Coldwater Burn,,,,,,,,,,,,
House Chyttering," Three golden enhanced bendlets on a white shield<br>(<i>Argent, three bendlets enhanced or</i>)",Lucos Chyttering,Crownlands,House Baratheon of King's Landing,,, Chyttering,,,,,,,,,,,,,
House Connington," Two combatant griffins, counterchanged, on a red and white field<br>(<i>Per pale gules and argent, two griffins combatant counterchanged</i>)",Jon Connington,The Stormlands,House Baratheon,,,Griffin's Roost,Knight of Griffin's Roost,,,,,,,,,,,,
House Costayne," Quarterly; sable, a chalice argent; or, a rose sable",Tommen Costayne,the Reach,House Hightower,,,Three Towers,,,,,,,,,,,,,
House Dalt," Purpure, semy of lemons Or",Deziel Dalt,Dorne,House Martell,,,Lemonwood, The Knight of Lemonwood,,,,,Andrey Dalt,,,,,,,
House Crakehall," A brindled boar on a brown field<br>(<i>Tenné, a boar brindled sable and argent</i>)",Roland Crakehall,The Westerlands,House Lannister,, <i>None so Fierce</i>,Crakehall,Crakehall,,,Crake the Boarkiller,,Tybolt Crakehall,,,,,,,
House Dondarrion," A forked purple lightning bolt, on black field speckled with four-pointed stars<br>(<i>Sable, semé of mullets of four points argent, a lightning bolt forked purpure</i>)",Beric Dondarrion,the Stormlands,House Baratheon,,,Blackhaven, Lord of Blackhaven,,,,1 AC,,,,,,,,
House Cuy, Six yellow flowers on blue,Branston Cuy,Reach,House Hightower,,,Sunhouse,,,,,Andal Invasion,,,,,,,,
House Darry," A black plowman on a brown field<br>(<i>Tenné, a plowman sable</i>)",Mariya Darry,Riverlands,House Baelish of Harrenhal,,,Darry,,,,,,,,,,,,,
House Drumm," Gules, a bone hand argent",Dunstan Drumm,Iron Islands,House Greyjoy,,,, Lord of Old Wyk<br>The Drumm<br>The Bone Hand,,Red Rain,,,,,,,,,,
House Estermont," A dark-green sea-turtle on a pale-green field<br>(<i>Vert, a sea-turtle tergiant of the field</i>)",Eldon Estermont,Stormlands,House Baratheon of King's Landing,,,Greenstone,Greenstone,,,,,Aemon Estermont,,,,,,,
House Dustin," Two rusted longaxes with black shafts crossed, a black crown between their points, on yellow",Barbrey Dustin,The North,House Bolton,,,Barrow Hall,Barrowton,,,,,,,,,,,,
House Errol," A yellow haystack, on an orange field<br>(<i>Tenné, a haystack or</i>)",Sebastion Errol,the Stormlands,House Baratheon,,,Haystack Hall, Lord of Haystack Hall,,,,,,,,,,,,
House Estren," A green saltire between four red double-headed eagles, on a white field<br>(<i>Argent, a saltire vert between four double-headed eagles displayed gules</i>)",Regenard Estren,the Westerlands,House Lannister,,,Wyndhall, Lord of Wyndhall,,,,,,,,,,,,
House Farman," Three silver ships on a blue field with a border of crimson and gold<br>(<i>Azure, three galleys argent within a bordure compony gules and or</i>)",Sebaston Farman,Westerlands,House Lannister,,,Faircastle, Lord of Fair Isle,,,,,,,,,,,,
House Farwynd,,Triston Farwynd,Iron Islands,House Greyjoy,,,Sealskin Point,,House Farwynd of the Lonely Light,,,,,,,,,,,
House Fell," Per fess, a white crescent moon on a black field above a green field, a sprucetree line between<br>(<i>Per fess sapinagé vert and sable, in dexter chief a moon increscent argent</i>)",,the Stormlands,House Baratheon,,,Felwood,Felwood,,,,,,,,,,,,
House Flint of Flint's Finger, Paly sable and cendrée on a pall inverted argent a hand couped of the second,Robin Flint,The North,House Bolton,,,Flint's Finger,,,,,,,,,,,,,
House Flint of Widow's Watch," Azure, semy of whitecaps argent on a chief wavy Or two eyes of the second irised of the first and pupiled sable",Lyessa Flint,The North,House Bolton,, <i>Ever Vigilant</i>,Widow's Watch,,House Flint of Flint's Finger,,,,,,,,,,,
,,,,,,,,,,,,,,,,,,,,
House Wyl, A black adder biting a heel on yellow,,Dorne,House Martell,,,Wyl,,,,,,,,,,,,,
House Flint of the mountains,,Torghen Flint,The North,House Stark,,,northern mountains, The Flint<br>Lord Flint,House Flint of Widow's Watch,,,,,,,,,,,
House Lefford," A golden inverted pile on a sky-blue field, a yellow sun in the first<br>(<i>Bleu celeste, a pile reversed or, in canton a sun-in-splendor of the same</i>)",Alysanne Lefford,Westerlands,House Lannister,,,Golden Tooth,,,,,Andal invasion,,,,,,,,
,,,,,,,,,,,,,,,,,,,,
House Reyne," A red lion rampant regardant with a forked tail, with gold teeth and claws, on a silver field<br>(<i>Argent, a lion rampant regardant queue-fourché gules, armed and langued or</i>)", Extinct,Westerlands,House Lannister,261 AC,,Castamere,Castamere,House Vikary,,,,,,,,,,,
House Fossoway of Cider Hall," Or, an apple gules",,The Reach,House Tyrell,, <i>Taste of Glory</i>,Cider Hall,Cider Hall,House Fossoway of New Barrel,,Foss the Archer,,,,,,,,,
House Lothston," A black bat on a field per bend, silver and gold<br>(<i>Per bend argent and or, a bat displayed sable"")", Extinct,Riverlands,House Tully,211 AC,,Harrenhal, Lord of Harrenhal,,,Lucas Lothston,151 AC,,,,,,,,
House Fossoway of New Barrel," Or, an apple vert",Jon Fossoway,The Reach,House Tyrell,,,New Barrel,Knight,,,Raymun Fossoway,209 AC,,,,,,,,
House Fowler," Argent, a hooded hawk trussed azure",Franklyn Fowler,Dorne,House Martell,, <i>Let Me Soar</i>,Skyreach,Lord of Skyreach,,,,,,,,,,,,
House Goodbrook," A blue wavy bend, on a gold field<br>(<i>Or, a bend wavy azure</i>)",Lymond Goodbrook,the Riverlands,House Baelish of Harrenhal,,,,,,,,,,,,,,,,
House Goodbrother," Gules, a warhorn sable banded or.",Gorold Goodbrother,Iron Islands,House Greyjoy,,,Hammerhorn,,House Goodbrother of Downdelving,,,,Greydon Goodbrother,,,,,,,
House Glover," Gules, a gauntlet argent",Galbart Glover,The North,House Stark,,,Deepwood Motte,Deepwood Motte,,,,,Robett Glover,,,,,,,
House Grafton," A yellow tower, burning, on a black pile, on a flame-red field<br>(<i>Gules, on a pile sable a tower or with flames issuant from the battlements proper</i>)",Gerold Grafton,Vale of Arryn,House Arryn,,,Gulltown,Gulltown,,,Gerold Grafton,,,,,,,,,
House Borrell," A white spider crab, on a grey-green field<br>(<i>Vert-cendrée, a spider crab argent</i>)",Godric Borrell,Three Sisters,House Sunderland,,,Breakwater,Sweetsister,,,,,,,,,,,,
House Greenfield," A white double-tressure, on a green field<br>(<i>Vert, a double-tressure argent</i>)",Garth Greenfield,Westerlands,House Lannister,,,Greenfield,Knight,,,,,,,,,,,,
House Grimm, An iron escutcheon with silver studs on a grey-green field strewn with longships proper,Guthor Grimm,The Reach,House Tyrell,,,Grimston, Lord of Greyshield,,,,,,,,,,,,
House Tarbeck," A seven-pointed star, parts silver parts blue, on a silver and blue field<br>(<i>Gyronny argent and azure, a star of seven points counterchanged</i>)", Extinct,Westerlands,House Lannister,261 AC,,Tarbeck Hall,Tarbeck Hall,,,,,,,,,,,,
House Harlaw," Sable, a scythe argent",Rodrik Harlaw,Iron Islands,House Greyjoy,,,Ten Towers, Lord of Harlaw,House Harlaw of Grey Garden,,,,Harras Harlaw,,,,,,,
House Hunter," Five silver arrows, fanned, on a brown field<br>(<i>Tenné, a sheaf of five arrows, points to chief, argent</i>)",Gilwood Hunter,The Vale,House Arryn,,,Longbow Hall,Longbow Hall,,,,,Eustace Hunter,,,,,,,
House Jast," An inverted yellow pall between three yellow lions' heads, on a black field<br>(<i>Sable, a pall reversed between three lions' heads erased or</i>)",Antario Jast,the Westerlands,House Lannister,,,,,,,,,,,,,,,,
House Hetherspoon," An oak spoon within a white cartouche, on a field of orange and black diamonds<br>(<i>Lozengy tenné and sable, on a cartouche argent a spoon or</i>)",Tybolt Hetherspoon,The Westerlands,House Lannister,,,, Ser,,,,,,,,,,,,
House Hewett, an oaken escutcheon studded with iron on a field bendy of undulating blue and white,Humfrey Hewett,The Reach,House Tyrell,,,Lord Hewett's castle, Lord of Oakenshield,,,,,,,,,,,,
House Jordayne," Chequy light and dark green, a quill or.",Trebor Jordayne,Dorne,House Martell,, <i>Let it be Written</i>,The Tor, Lord of the Tor,,,,,Myria Jordayne,,,,,,,
House Liddle," Per pale argent and vert, a fir tree line between, three brown pinecones on the argent",Torren Liddle,The North,House Stark,,,, The Liddle<br>Lord Liddle,,,,,,,,,,,,
House Vaith," Tenny, on a pile Or three leopards statant sable",Daeron Vaith,Dorne,House Martell,,,Vaith,Lord of the Red Dunes,,,,Andal Invasion,,,,,,,,
House Karstark," Sable, a sunburst argent",Harrion Karstark,The North,House Bolton,, <i>The Sun of Winter</i>,Karhold,Karhold,,,Karlon Stark, One thousand years ago,Alys Karstark,,,,,,,
House Lydden," A white badger on a per pale green and brown field<br>(<i>Per pale vert and tenné, a badger passant argent</i>)",Lewys Lydden,the Westerlands,House Lannister,,,Deep Den, Lord of the Deep Den,,,,,,,,,,,,
House Lynderly," A black field strewn with green vipers<br>(<i>Sable, semé of snakes vert</i>)",Jon Lynderly,The Vale,House Arryn,,,Snakewood,the Snakewood,,,,,Terrance Lynderly,,,,,,,
House Locke, Two bronze keys crossed on an argent pale on purpure.,Ondrew Locke,the North,House Bolton,,,Oldcastle, Lord of Oldcastle,,,,,,,,,,,,
House Greyiron," The sea king's head, white with dark green seaweed beard and hair, a black crown on a grey field",,Iron Islands, Extinct,,,Orkmont,King of the Iron Islands,,,,,,,,,,,,
House Gardener," Argent, a hand couped vert", Extinct,Reach,,1 AC,,Highgarden,King of the Reach,,,Garth the Gardener,Age of Heroes,,,,,,,,
House Casterly,, Extinct,Westerlands,,,,Casterly Rock, Lord of Casterly Rock,House Lannister,,Corlos,Age of Heroes,,,,,,,,
House Darklyn," Fusily sable and or, upon a pale in dexter gules seven escutcheons argent", Extinct,Crownlands,House Targaryen,277 AC,,Dun Fort,Duskendale,House Darke,,,Age of Heroes,,,,,,,,
House Hoare," Per saltire, two heavy silver chains crossing between a gold longship on a black field, a dark green pine on a white field, a cluster of red grapes on a gold field, and a black raven flying in a blue sky<br>(<i>Per saltire sable, azure, argent and or, two chains throughout saltirewise argent between in chief a longship or, in dexter a raven volant sable, in sinister a pine-tree vert and in base a bunch of grapes gules</i>)",,Iron Islands,,2 BC,,Orkmont,King of the Iron Islands,,,,,,,,,,,,
House Buckwell," A rack of golden antlers, on a field of vair<br>(<i>Vair, a stag's attire or</i>)",,Crownlands,House Baratheon of King's Landing,, <i>Pride and Purpose</i>,the Antlers, Lord of the Antlers,,,,,,,,,,,,
House Blackfyre," Gules, a three headed dragon breathing flames sable", Extinct,,House Targaryen,260 AC,,,,,Blackfyre,Daemon Blackfyre,184 AC,,,,,,,,
,,,,,,,,,,,,,,,,,,,,
,,,,,,,,,,,,,,,,,,,,
House Hayford," Green fretty over gold, a green pale wavy",Ermesande Hayford,Crownlands,House Baratheon of King's Landing,,,Hayford, Lord of Hayford,,,,,,,,,,,,
House Moore," Three bronze spearheads, on a white field, within a bronze embattled border<br>(<i>Argent, three spearheads within a bordure embattled tenné</i>)",,The Vale,House Arryn,,,,,,,,,,,,,,,,
House Codd,,,Iron Islands,House Greyjoy,, <i>Though All Men Do Despise Us</i>,,,,,,,,,,,,,,
House Humble,,,Iron Islands,House Greyjoy,,,,,,,,,,,,,,,,
House Stonetree," A bare stone tree, grey on black",,Iron Islands,House Harlaw,,,,,,,,,,,,,,,,
House Cassel," Ten white wolf heads, 4-3-2-1, on grey with a black border",Beth Cassel,The North,House Stark,,,,,,,,,,,,,,,,
House Knott," Argent, a saltire surmounted by a fret tenny",,the North,House Bolton,,,, The Knott,,,,,,,,,,,,
House Harclay," Azure, on a bend argent a hurt between an increscent and decrescent of the first",,North,House Bolton,,,, Lord Harclay<br>The Harclay,,,,,,,,,,,,
House Marsh," Or, ten frogs vert",,The North,House Bolton,,,,,,,,,,,,,,,,
House Trant," A black hanged man, on a blue field<br>(<i>Azure, a hanged man sable</i>)",,Stormlands,House Baratheon,, <i>So End Our Foes</i>,Gallowsgrey, Lord of Gallowsgrey,,,,,,,,,,,,
House Selmy," Three stalks of yellow wheat, on a brown field<br>(<i>Tenné, three stalks of wheat or</i>)",Arstan Selmy,Stormlands,House Baratheon,,,Harvest Hall,Harvest Hall,,,,,,,,,,,,
House Mudd," A golden crown studded with emeralds, on a red-brown field<br>(<i>Tenné, an ancient crown or studded with emeralds vert</i>)",,Riverlands,,,,Oldstones,King of the Rivers and the Hills,,,,,,,,,,,,
House Fisher," A crowned catfish, spotted grey, on a blue field<br>(<i>Azure, a catfish cendrée, crowned or</i>)", Extinct,Riverlands,,,,Misty Isle,River king,,,,,,,,,,,,
House Merlyn," Argent, Twining waterspouts vert",,Iron Islands,House Greyjoy,,,Pebbleton,,,,,,,,,,,,,
House Ferren," Per saltire, checkered red and gold, a silver and black ferret on a green field<br>(<i>Per saltire chequy gules and or and vert, in each flank point a ferret argent and sable</i>)",,the Westerlands,House Lannister,,,,,,,,,,,,,,,,
House Slynt," A bloody gold spear, on a black field, within a checkered gold and black border<br>(<i>Sable, a spear or, tipped gules, within a bordure chequy of the field and of the second</i>)",Morros Slynt, None,House Baratheon of King's Landing,,,Harrenhal,,,,Janos Slynt,298 AC,Jothos Slynt,,,,,,,
House Ryger," A green weeping willow, on a white field<br>(<i>Argent, a willow-tree vert</i>)",,the Riverlands,House Baelish of Harrenhal,,,Willow Wood,,,,,,,,,,,,,
House Broom," A silver helm crested with a sprig of broom, on a checkered black and green field<br>(<i>Chequy sable and vert, a helm argent, crested with a sprig of broom proper</i>)",,the Westerlands,House Lannister,,,,,,,,,,,,,,,,
House Serrett," A peacock in his pride, on a cream field<br>(<i>Argent, a peacock-in-his-pride proper</i>)",,the Westerlands,House Lannister,, <i>I Have No Rival</i>,Silverhill,,,,,,,,,,,,,
House Hersy," A white winged chalice, on a pink field<br>(<i>Carnation, a winged cup displayed argent</i>)",,the Vale,House Arryn,,,Newkeep,,,,,,,,,,,,,
House Baelish," A grey stone head with fiery eyes, on a light green field<br>(<i>Vert, a stone head cendrée, orbed gules</i>)",Petyr Baelish,the Vale,House Arryn,,,unnamed tower,,House Baelish of Harrenhal,,A Braavosi sellsword,,,,,,,,,
House Egen," A yellow sun, white crescent moon, and silver star on a blue chief, above a white field<br>(<i>Argent, on a chief azure a moon increscent of the first between a sun-in-splendour or and a mullet of the first</i>)",,the Vale,House Arryn,, <i>By Day or Night</i>,,,,,,,,,,,,,,
House Melcolm," A rusty anchor, on a turquoise field, beneath yellow chief with three blue plates<br>(<i>Azure, an anchor tenné, on a chief or three hurts</i>)",,the Vale,House Arryn,,,Old Anchor,,,,,,,,,,,,,
House Seaworth," A black ship on a pale grey field, with a white onion on its sails<br>(<i>Cendrée, a ship sable, its sail charged with an onion argent</i>)",Davos Seaworth,the Stormlands,House Baratheon of Dragonstone,,,,,,,Davos Seaworth,284 AC,Devan Seaworth,,,,,,,
House Crane," Azure, cranes in chevron or",,Reach,House Tyrell,,,Red Lake,,,,Rose of Red Lake,,,,,,,,,
House Webber," Sable, a cobweb argent thereon a spider gules",,the Reach,House Rowan,,,Coldmoat, Lord of Coldmoat,,,,,,,,,,,,
House Greystark,, Extinct,the North,House Stark,,,Wolf's Den,,,,,,,,,,,,,
House Osgrey," Argent, a lion rampant chequy vert and or",,the Reach,House Rowan,,,Standfast,Marshall of the Northmarch,Osgrey of Leafy Lake,,,,,,,,,,,
House Osgrey of Leafy Lake,, Extinct,the Reach,House Osgrey,210 AC,,Leafy Lake,,,,,,,,,,,,,
House Butterwell," Barry wavy green, white, and yellow<br>(<i>Barry wavy vert, argent, and or</i>)",,the Riverlands,House Baelish of Harrenhal,,,Whitewalls,,,,,,,,,,,,,
House Caswell," Argent, a centaur with bow or",Lorent Caswell,The Reach,House Tyrell,,,Bitterbridge,Bitterbridge,,,,,,,,,,,,
House Leygood," Tenny, three thunderbolts in fess sable",,Reach,House Tyrell,,,,,,,,,,,,,,,,
House Durwell,,,the Reach,House Tyrell,,,,,,,,,,,,,,,,
House Conklyn,,,the Reach,House Tyrell,,,,,,,,,,,,,,,,
House Stackhouse,,,the Reach,House Tyrell,,,,,,,,,,,,,,,,
House Payne," Gold coins in the checks of a checkered purple and white field<br>(<i>Chequy purpure and argent, each chequer charged with a bezant</i>)",,the Westerlands,House Lannister,,,,,,,,,,,,,,,,
House Wylde," A blue-green maelstrom, on a gold field<br>(<i>Or, a maelstrom azure</i>)",Casper Wylde,Stormlands,House Baratheon,,,Rain House,Rain House,,,,,,,,,,,,
House Inchfield," Cendrée, a bend sinister chequy sable and argent",,the Reach,House Tyrell,,,,,,,,,,,,,,,,
House Vyrwel, a silver wyvern within a red double tressure on sable,,the Reach,House Tyrell,,,Darkdell,,,,,,,,,,,,,
House Uffering," Paly tenné and cendrée, upon a chief argent seven hands couped vert",,the Reach,House Tyrell,,,,,,,,,,,,,,,,
House Poole," White, a roundel azure, a tressure cendrée",,the North,House Bolton,,,,,,,,,,,,,,,,
House Rambton," Gules, a ram's head cabossed argent attired or",,Crownlands,House Sunglass,,,,,,,,,,,,,,,,
House Myatt," A spotted yellow-and-black treecat, on a mud-brown field<br>(<i>Tenné, a treecat or pelleté</i>)",,Westerlands,House Lannister,,,,,,,,,,,,,,,,
House Staunton, two black wings upon a white fess on checkered black and grey,,Crownlands,House Baratheon of Dragonstone,,,Rook's Rest,,,,,,,,,,,,,
House Farring," Per pale purpure and argent, two knights combatant crossing swords counterchanged",,Crownlands,House Baratheon of Dragonstone,,,,,,,,,,,,,,,,
House Lorch," A black manticore on a white field, beneath a crimson chief with three gold coins<br>(<i>Argent, a manticore passant sable, on a chief gules three bezants</i>)",Lorent Lorch,the Westerlands,House Lannister,,,,,,,,,,,,,,,,
House Bywater," Blue frets on a white field, three silver fish on a blue chief<br>(<i>Argent fretty azure, on a chief of the second three fish of the field</i>)",,Crownlands,House Baratheon of King's Landing,,,,,,,,,,,,,,,,
House Thorne," Gules, a flail argent within an bordure rayonne sable",,Crownlands,House Baratheon of King's Landing,,,,,,,,,,,,,,,,
House Varner," Ermines, a weasel argent",Steffon Varner,the Reach,House Tyrell,,,,,,,,,,,,,,,,
House Mollen," White, upon a pile vert a snowy pine tree proper",,the North,House Stark,,,,,,,,,,,,,,,,
House Willum, three silver longswords crossed on black beneath a dragonbone skeleton on a white chief,,the Reach,House Tyrell,,,,,,,,,,,,,,,,
House Shermer," a field of copper nails on blue, a copper border rayonne",,the Reach,House Tyrell,,,Smithyton,,,,,,,,,,,,,
House Blackbar," Argent, a fess sable",,the Reach,House Tyrell,,,Bandallon, Lord of Bandallon,,,,,,,,,,,,
,,,,,,,,,,,,,,,,,,,,
House Dunn," per pale black and pink, a countercharged two-headed pelican",,the Reach,House Tyrell,,,,,,,,,,,,,,,,
House Rykker," Azure, a cross saltire argent charged with two crossed warhammers sable",Renfred Rykker,Crownlands,House Baratheon of King's Landing,,,Dun Fort,Duskendale,,,,,,,,,,,,
House Footly, a field of silver caltrops on black,,the Reach,House Tyrell,, <i>Tread Lightly Here</i>,Tumbleton,,,,,,,,,,,,,
House Wythers, a grey squirrel on white with red border,,the Reach,House Tyrell,,,,,,,,,,,,,,,,
House Falwell," A fool in red and gold motley juggling five suns, on a black field<br>(<i>Sable, a fool proper clothed in motley gules and or, juggling five suns-in-splendour of the last</i>)",,the Westerlands,House Lannister,,,,,,,,,,,,,,,,
House Smallwood," Six brown acorns, on a yellow field<br>(<i>Or, six acorns, 3, 2, 1, tenné</i>)",Theomar Smallwood,The Riverlands,House Vance of Wayfarer's Rest,, <i>From These Beginnings</i>,Acorn Hall,Acorn Hall,,,,,,,,,,,,
House Bettley," Three blue beetles, on a gold field<br>(<i>Or, three beetles azure</i>)",,the Westerlands,House Lannister,,,,,,,,,,,,,,,,
House Kenning of Kayce," Four sunbursts counterchanged on a quartered orange and black field<br>(<i>Quarterly tenné and sable, four suns-in-splendour counterchanged</i>)",Terrence Kenning,Westerlands,House Lannister,,,Kayce, Lord of Kayce,,,Herrock Kenning,,,,,,,,,
House Peckledon," Ten purple stars, on a yellow field<br>(<i>Or, ten mullets, 4, 3, 2, 1, purpure</i>)",,the Westerlands,House Lannister,, <i>Unflinching</i>,,,,,,,,,,,,,,
House Foote," A copper dagger across a black chevron, on a white field<br>(<i>Argent, a chevron reversed sable, surmounted by a dagger erect tenné</i>)",,the Westerlands,House Lannister,,,,,House Foote of Nightsong,,,,,,,,,,,
House Sarsfield," A green arrow on a white bend, on a green field<br>(<i>Vert, on a bend argent an arrow of the field, point to dexter chief</i>)",,the Westerlands,House Lannister,, <i>True to the Mark</i>,Sarsfield,,,,,,,,,,,,,
House Grell," Three red martlets on a white bend, on a blue field<br>(<i>Azure, on a bend argent three martlets gules</i>)",,the Riverlands,House Tully,,,,,,,,,,,,,,,,
House Wayn," Four wheels counterchanged on a quartered blue and white field<br>(<i>Quarterly azure and argent, four wheels counterchanged</i>)",,the Riverlands,House Tully,,,,,,,,,,,,,,,,
House Meadows, a border of flowers of many colors and varieties on green,Elwood Meadows,Reach,House Baratheon of Dragonstone,,,Grassfield Keep,Grassy Vale,,,,,,,,,,,,
House Kettleblack," Gules, a kettle within an orle sable",,Crownlands,House Baratheon of King's Landing,,,,,,,,,,,,,,,,
House Blount," A red bend sinister between two black porcupines, on a green field<br>(<i>Vert, a bend sinister gules between two porcupines sable</i>)",,Crownlands,House Baratheon of King's Landing,,,,,,,,,,,,,,,,
House Vance of Wayfarer's Rest," Quartered, a black dragon on a white field and two golden eyes in a golden ring on a black field<br>(<i>Quarterly, first and fourth, argent, a dragon sable, second and third, sable, a pair of eyes within an annulet or</i>)",Karyl Vance,Riverlands,House Baelish of Harrenhal,,,Wayfarer's Rest,,,,Armistead Vance,,,,,,,,,
House Yarwyck," Two bronze halberds crossed between four red diamonds, on a white field<br>(<i>Argent, two halberds saltirewise tenné, hafted sable, between four lozenges gules</i>)",,Westerlands,House Lannister,,,,,,,,,,,,,,,,
House Mallery," Purpure, six mullets argent",,Crownlands,House Baratheon of King's Landing,,,,,,,,,,,,,,,,
House Erenford," A golden heron, beak and legs black, standing with a silver fish in its beak, on a pink field<br>(<i>Carnation, a heron or, beaked and membered sable, clasped in its mouth a fish argent</i>)",,Riverlands,House Frey,,,,,,,,,,,,,,,,
House Hollard," Barry gules and carnation, a chief azure with three crowns Or", Extinct,Crownlands,House Darklyn,300 AC,,,,,,,,,,,,,,,
House Goodbrother of Downdelving,,,Iron Islands,House Goodbrother,,,Downdelving,,,,,,,,,,,,,
House Goodbrother of Crow Spike Keep,,,Iron Islands,House Goodbrother,,,Crow Spike Keep,,,,,,,,,,,,,
House Haigh," A black pitchfork on a gold bend sinister, on a russet field<br>(<i>Tenné, on a bend sinister or a pitchfork sable</i>)",,Riverlands,House Frey,,,,,,,,,,,,,,,,
House Goodbrother of Corpse Lake,,,Iron Islands,House Goodbrother,,,Corpse Lake,,,,,,,,,,,,,
House Foote of Nightsong,,Philip Foote,Stormlands,House Baratheon of King's Landing,,,Nightsong,Nightsong,,,Philip Foote,299 AC,,,,,,,,
House Baelish of Harrenhal," A field of silver mockingbirds, on a green field<br>(<i>Vert, semé of mockingbirds argent</i>)",Petyr Baelish,Riverlands,House Baratheon of King's Landing,,,Harrenhal,Lord Paramount of the Trident,,,Petyr Baelish,299 AC,,,,,,,,
House Norcross," Argent, a cross embattled sable",,the Reach,House Tyrell,,,,,,,,,,,,,,,,
House Bolling," Vairy orange and blue, upon a black canton, a golden stag beneath an orange bend sinister<br>(<i>Vairy tenné and azure, on a canton sable a stag or debruised by a bend sinister of the first</i>)",,the Stormlands,House Baratheon,,,,,,,,,,,,,,,,
House Hardyng, A field of red and white diamonds<br>(<i>Lozengy argent and gules</i>),,The Vale,House Waynwood,,,,,,,,,,,,,,,,
House Hawick," White seabirds strewn across a blue field<br>(<i>Azure, semé of seabirds argent</i>)",,the Riverlands,House Baelish of Harrenhal,,,Saltpans,,,,,,,,,,,,,
House Hasty," A white bend cotised, on a purple field<br>(<i>Purpure, a bend cotised argent</i>)",,the Stormlands,House Baratheon,,,,,,,,,,,,,,,,
House Cockshaw," Sable, three feathers in fess gules argent and or",,the Reach,House Tyrell,,,,,,,,,,,,,,,,
House Vypren," A black toad on white lily pad, on a green field<br>(<i>Vert, a toad sable atop a lilypad argent</i>)",Lucias Vypren,,House Baelish of Harrenhal,,,,,,,,,Damon Vypren,,,,,,,
House Blanetree," Green and brown maple leaves, strewn across a yellow field<br>(<i>Or, semé of maple leaves vert and tenné</i>)",,Riverlands,House Tully,,,,,,,,,,,,,,,,
House Ashford," Tenny, a sun in splendour beneath a chevron inverted argent",,Reach,House Tyrell,, <i>Our Sun Shines Bright</i>,Ashford,Ashford,,,,,,,,,,,,
House Peake," Tenny, three castles sable",Titus Peake,Reach,House Tyrell,,,Starpike,Starpike,,,,,,,,,,,,
House Ball, Three white plates upon a chevron red on a white field,,The Reach,House Tyrell,,,,,,,,,,,,,,,,
House Rhysling," An oaken door banded with iron, in a grey stone doorway, on black masonry",,the Reach,House Tyrell,,,,,,,,,,,,,,,,
Henly (House Ashford),,,,,,,,,,,,,,House Ashford,The Hedge Knight,,,,,
House Shawney," Per fesse, a divided blue, red, green field above, a white catfish on a black field below<br>(<i>Per fesse, the first tierced in pale azure, gules and vert, the second sable, a catfish argent</i>)",,Riverlands,House Tully,,,,,,,,,,,,,,,,
House Lonmouth," Quartered of six: red lips strewn on a yellow field, yellow skulls strewn on a black field<br>(<i>Quarterly of six, first, third and fifth, or, semé of lips gules, second, fourth and sixth, sable, semé of skulls of the first</i>)",,the Stormlands,House Baratheon,, <i>The Choice is Yours</i>,,,,,,,,,,,,,,
House Chelsted," Per bend green and white shield, a spiked mace and a silver dagger crossed<br>(<i>Per bend vert and argent, in pale a mace surmounted by a dagger in fesse of the second</i>)",,Crownlands,House Baratheon of King's Landing,,,,,,,,,,,,,,,,
House Byrch," Gryonny white and black quartered with a silver axe on a green field<br>(<i>Quarterly, first and fourth, gyronny argent and sable, second and third, vert, an axe palewise argent</i>)",,Crownlands,House Baratheon of King's Landing,,,,,,,,,,,,,,,,
House Turnberry," Nine strawberries on a white saltire, on a field of green and red vairy in point<br>(<i>Vairy-in-point vert and gules, on a saltire argent nine strawberries of the second</i>)",,the Westerlands,House Lannister,,,,,,,,,,,,,,,,
House Spicer," Three black pepperpots on a saffron bend, across a field of green and silver stripes <br>(<i>Paly vert and argent, three pepperpots sable on a bend tenné</i>)",Rolph Spicer,Westerlands,House Lannister,,,Castamere,Lord of Castamere,,,,,Sybell Spicer,,,,,,,
House Graceford," Tenny, on a pale wavy argent the Mother's face proper",Alyce Graceford,Reach,House Tyrell,, <i>Work Her Will</i>,Holyhall,,,,,,,,,,,,,
House Grandison," A black sleeping lion, on a yellow field<br>(<i>Or, a lion dormant sable</i>)",Hugh Grandison,Stormlands,House Baratheon,, <i>Rouse Me Not</i>,Grandview, Lord of Grandview,,,,,,,,,,,,
,,,,,,,,,,,,,,,,,,,,
House Toyne," A black winged heart, on a gold field, within a black embattled border<br><i>Or, a winged heart within a bordure embattled sable</i>)",,Stormlands,House Baratheon,281 AC," <i>Fly High, Fly Far</i>",,,,,,,,,,,,,,
House Lychester," A black talon, on an orange and white gyronny field<br>(<i>Gyronny tenné and argent, an eagle's leg erased sable</i>)",Lymond Lychester,Riverlands,House Baelish of Harrenhal,,,Castle Lychester,,,,,,,,,,,,,
House Charlton," Three sprigs of mistletoe, green and red, on a gold field within a green border<br>(<i>Or, three sprigs of mistletoe vert, fructed gules, within a bordure of the second</i>)",,Riverlands,House Frey,,,,,,,,,,,,,,,,
House Roote," A brown double-headed horse on a field of wavy green and green<br>(<i>Wavy vert and vert, a two-headed horse tenné</i>)",,Riverlands,House Baelish of Harrenhal,,,Lord Harroway's Town,,,,,,,,,,,,,
House Deddings,,,the Riverlands,House Baelish of Harrenhal,,,,,,,,,,,,,,,,
House Risley," A black knight on a black rearing horse on white, bearing a golden lance and a white shield, upon which is seen the above in miniature",,Reach,House Tyrell,,,,,,,,,,,,,,,,
House Nayland,,,Riverlands,House Frey,,,Hag's Mire,,,,,,,,,,,,,
House Boggs,,,Crownlands,House Baratheon of King's Landing,,,,,,,,,,,,,,,,
House Massey," A triple spiral; red, green and blue, on white",,Crownlands,House Baratheon of King's Landing,,,Stonedance,Stonedance,,,Maldon Massey,Age of Heroes,,,,,,,,
House Cafferen," Two white fawns counter salient, on a green field<br>(<i>Vert, two fawns counter-salient argent</i>)",,the Stormlands,House Baratheon,,,Fawnton,,,,,,,,,,,,,
House Stout, Chevronny tenné and Or,Harwood Stout,The North,House Dustin,,,Goldgrass,Goldgrass,,,,,,,,,,,,
House Follard," Gyronny gules and argent, on a canton Or a fool's cap two peaked of the first and second",,Crownlands,House Baratheon of King's Landing,, <i>None so Wise</i>,,,,,,,,,,,,,,
House Harte, Three red hart's heads caboshed on a white bend on vair,,Crownlands,House Baratheon of King's Landing,,,,,,,,,,,,,,,,
House Harroway," Per bend sinister orange and sable rayonné, a castle counterchanged<br>(<i>Per bend sinister rayonné tenné and sable, a castle counterchanged</i>)", Extinct,Riverlands,House Tully,44 AC,,Harrenhal,Harrenhal,,,,,,,,,,,,
House Magnar," Argent, a lobster vert holding a harpoon sable",,the North,House Bolton,,,Kingshouse,,,,,,,,,,,,,
House Gower," Nine yellow trefoils on a black cross, on an ermine field<br>(<i>Ermine, on a cross sable nine trefoils or</i>)",,the Stormlands,House Baratheon,,,,,,,,,,,,,,,,
House Woodfoot,, Extinct,the North,House Stark,,,Bear Island,,,,,,,,,,,,,
House Frey of Riverrun,,Emmon Frey,Riverlands,House Baelish of Harrenhal,,,Riverrun,Riverrun,,,Emmon Frey,299 AC,Tywin Frey,,,,,,,
House Brune of Brownhollow," Argent, a bear's paw erased within a double tressure tenné",Bennard Brune,Crownlands,House Baratheon of King's Landing,,,Brownhollow,Knight,,,,,,,,,,,,
House Gaunt," Purpure, three lances palewise in fess between two flaunches sable",,Crownlands,House Baratheon of King's Landing,,,,,,,,,,,,,,,,
House Wensington," Two golden trumpets crossed on a blue field, beneath a gold chief with three black stags<br>(<i>Azure, two trumpets saltirewise or, on a chief of the second three stags salient sable</i>)",,Stormlands,House Baratheon,, <i>Sound The Charge</i>,,,,,,,,,,,,,,
House Brune of the Dyre Den,,Eustace Brune,Crownlands,House Baratheon of King's Landing,,,Dyre Den,Dyre Den,House Brune of Brownhollow,,,,,,,,,,,
House Cave,,,Crownlands,House Baratheon of King's Landing,,,,,,,,,,,,,,,,
House Crabb,,,Crownlands,House Baratheon of King's Landing,,,Whispers,,,,,,,,,,,,,
House Cressey," Seven silver coins on a red bend sinister, between two silver helmets, on a blue field<br>(<i>Azure, on a bend sinister gules seven plates, between two helmets argent</i>)",,Crownlands,House Baratheon of King's Landing,,,,,,,,,,,,,,,,
House Hardy,,,Crownlands,House Baratheon of King's Landing,,,,,,,,,,,,,,,,
House Edgerton," Purpure, a wheel flaming tenny quartered with half-fusilly sable and argent",,Crownlands,House Baratheon of King's Landing,,,,,,,,,,,,,,,,
House Hogg,,Roger Hogg,Crownlands,House Hayford,,,Sow's Horn, the Knight of Sow's Horn,,,,,,,,,,,,
House Langward, Per fess undy: A crown of white stars on burgundy above black,,Crownlands,House Baratheon of King's Landing,,,,,,,,,,,,,,,,
House Pyle, A grey iron greathelm on white,,Crownlands,House Baratheon of King's Landing,,,,,,,,,,,,,,,,
House Pyne,,,Crownlands,House Baratheon of King's Landing,,,,,,,,,,,,,,,,
House Wendwater," A green engrailed pall, inverted on white, dividing three trees, green, red and bare",,Crownlands,House Baratheon of King's Landing,, <i>For All Seasons</i>,,,,,,,,,,,,,,
House Manning, A red sea lion between two black pallets on white,,Crownlands,House Baratheon of King's Landing,,,,,,,,,,,,,,,,
House Rollingford," Six roundels fountain, 3-2-1, on grey",,Crownlands,House Baratheon of King's Landing,,,,,,,,,,,,,,,,
House Condon," An eagle's head between crossed tridents, red on white",,North,House Cerwyn,,,,,,,,,,,,,,,,
House Ironsmith," Or, a sword palewise between four horseshoes sable all within a bordure vert",,North,House Bolton,,,,,,,,,,,,,,,,
House Lightfoot," Tenny, a trail of footprints in bend sinister argent",,North,House Bolton,,,,,,,,,,,,,,,,
House Moss, A bend orange on vairy grey and green,,North,House Bolton,,,,,,,,,,,,,,,,
House Fenn," Purpure, three water lilies sable",,The Neck,House Reed,,,,,,,,,,,,,,,,
House Lake (north)," Tenny, seven pommes arranged 2-2-2-1",,North,House Bolton,,,,,,,,,,,,,,,,
House Overton," Sable, a fess chequy argent and Or",,North,House Bolton,,,,,,,,,,,,,,,,
House Waterman," Argent, two oars saltirewise tenny between as many flaunces azure",,North,House Bolton,,,,,,,,,,,,,,,,
House Slate," Pale grey, a double tressure white",,North,House Bolton,,,Blackpool,,,,,,,,,,,,,
House Woolfield," Three woolsacks, white on purple, a white border",,The North,House Bolton,,,,,,,,,,,,,,,,
House Wells (north)," Per fess cendrée and lozengy argent and vert, in chief five pellets",,North,House Bolton,,,,,,,,,,,,,,,,
House Whitehill," A white pile inverted on indigo, an arch of 4-pointed stars above",,North,House Bolton,, <i>Ever Higher</i>,Highpoint,,,,,,,,,,,,,
House Crowl, Pily gules and sable,,North,House Bolton,,,Deepdown,,,,,,,,,,,,,
House Stane," A driftwood tree, bare and brown, on pale green",,North,House Bolton,,,Driftwood Hall,,,,,,,,,,,,,
House Myre," 10 nooses, 4-3-2-1, black on white with a border of blood",,Iron Islands,House Harlaw,,,,,,,,,,,,,,,,
House Kenning of Harlaw," Sable, issuant from a cloud bank in chief the Storm God's hand cendrée with lightning flashing from its fingertip Or",,Iron Islands,House Harlaw,,,,,House Kenning of Kayce,,,,,,,,,,,
House Norridge," Azure, six arrows in bend sable heads flaming gules",,Reach,House Tyrell,,,,,,,,,,,,,,,,
House Farwynd of the Lonely Light," Per fess wavy tenny and sable, a demi-torteaux gules issuant from the division surmounted by a longship sailing upon the division of the second",Gylbert Farwynd,Iron Islands,House Greyjoy,,,Lonely Light,,,,,,Gyles Farwynd,,,,,,,
House Sharp,,,Iron Islands,House Greyjoy,,,,,,,,,,,,,,,,
House Weaver,,,Iron Islands,,,,,,,,,,,,,,,,,
House Shepherd,,,Iron Islands,House Greyjoy,,,,,,,,,,,,,,,,
House Qoherys," A flaming red and yellow saltire between four white skulls, on a black field<br>(<i>Sable, a saltire rayonné gules, tipped or, between four skulls argent</i>)", Extinct,Riverlands,House Tully,37 AC,,Harrenhal,Harrenhal,,,Quenton Qoherys,1 AC,,,,,,,,
House Teague," A golden trident upright between two golden flanches, on a black field<br>(<i>Sable, between two flaunches a trident erect or</i>)", Extinct,Riverlands,,Battle of Six Kings,,,King of the Trident,,,Torrence Teague,,,,,,,,,
House Justman," Golden scales within a blue a double tressure, on a white field<br>(<i>Argent, a pair of balances or within a double-tressure azure</i>)", Extinct,Riverlands,,,,,King of the Trident,,,Benedict I Justman,,,,,,,,,
House Towers of Harrenhal," Five black towers within a red and black double tressure, on a white field<br>(<i>Argent, five towers sable within a double-tressure, the outer gules and the inner of the second</i>)", Extinct,Riverlands,House Tully,,,Harrenhal,,,,,,,,,,,,,
House Strong," A tripartite pale, blue, red, and green, on a white field<br>(<i>Argent, a pale tierced per pale azure, gules, and vert</i>)", Extinct,Riverlands,House Tully,131 AC,,Harrenhal,Harrenhal,,,,,,,,,,,,
House Keath," Quarterly of nine; a white fish on a grey field; a gold fish hook on a white field<br>(<i>Quarterly of nine,  first, third, fifth, seventh and ninth cendrée, a fish argent; second, fourth, sixth and eight argent, a fish-hook or</i>)",,Riverlands,,,,,,,,,,,,,,,,,
House Lolliston," Three oaken barrels, on a white field<br>(<i>Argent, three oaken barrels proper</i>)",,Riverlands,,,,,,,,,,,,,,,,,
House Donniger," A red sun rising from a grey-green sea, against a yellow sky<br>(<i>Per fesse wavy or and vert-cendrée, a demi-sun-in-splendour issuant from the line of division gules</i>)",,Vale,House Arryn,,,,,,,,,,,,,,,,
House Netley,,,Iron Islands,House Greyjoy,,,,,,,,,,,,,,,,
House Terrick," Per saltire purple and gold, four hawks' heads countercharged<br>(<i>Per saltire purpure and or, four hawks' heads counterchanged</i>)",,Riverlands,,,,,,,,,,,,,,,,,
House Goodbrother of Shatterstone,,Norne Goodbrother,Iron Islands,House Greyjoy,,,Shatterstone,,,,,,,,,,,,,
House Wode," Three white hedgehogs, on a yellow field<br>(<i>Or, three hedgehogs argent</i>)",,Riverlands,House Baelish of Harrenhal,, <i>Touch Me Not</i>,,,,,,,,,,,,,,
House Elesham," A black star between an inverted stone-coloured double-pile, on a pink field<br>(<i>Carnation, a mullet sable between two piles issuant from base cendrée</i>)",,Vale,House Arryn,,,the Paps,,,,,,,,,,,,,
,,,,,,,,,,,,,,,,,,,,
House Pryor," A partial eclipse, black moon over yellow sun, on a dusty pink field<br>(<i>Carnation, a sun-in-splendour or surmounted by a moon in her complement sable</i>)",,Vale,House Arryn,,,Pebble,,,,,,,,,,,,,
House Longthorpe,,Rolland Longthorpe,Vale of Arryn,House Sunderland,,,Longsister,,,,,,,,,,,,,
House Ruthermont," Five black starfish on a gold pale, on a field of pean<br>(<i>Pean, on a pale or five starfish sable</i>)",,Vale,House Arryn,,,,,,,,,,,,,,,,
House Upcliff," A cresting sea-green wave, on a black field<br>(<i>Sable, a wave cresting vert</i>)",,Vale,House Arryn,,,Witch Isle,,,,,,,,,,,,,
House Torrent,,Alesandor Torrent,Vale of Arryn,House Sunderland,,,Littlesister, Lord of Littlesister,,,,,,,,,,,,
House Shett of Gull Tower," Three golden wings, bendwise, on a checkered white and black field<br>(<i>Chequy argent and sable, in bend three dexter wings elevated bendwise or</i>)",Damon Shett,Vale,House Royce,,,Gull Tower, the Knight of Gull Tower,,,,,,,,,,,,
House Wydman," Five splintered lances, 3, 2, striped blue and white with blue pennons, on a yellow field, beneath a white chief bearing a red castle, a green viper, a  black broken wheel, a purple unicorn and a yellow lion<br>(<i>Or, five broken lances, 3, 2, striped azure and argent, pennons of the second, on a chief of the third, a wheel broken sable between, on the dexter, a castle gules and snake vert, and, on the sinister, a unicorn rampant purpure and lion rampant of the field</i>)",,Vale,House Arryn,, <i>Right Conquers Might</i>,,,,,,,,,,,,,,
House Wagstaff," Five yellow mascles, on a green field<br>(<i>Vert, five mascles in fess or</i>)",,Stormlands,House Baratheon,,,,,,,,,,,,,,,,
House Algood," A golden wreath, on a blue field with a gold border<br>(<i>Azure, a garland of laurel within a bordure or</i>)",,Westerlands,House Lannister,,,,,,,,,,,,,,,,
House Garner," Three grey owls upon white plates, on a green field<br>(<i>Vert, three plates, each charged with an owl close affronté cendrée</i>)",,Westerlands,House Lannister,,,,,,,,,,,,,,,,
House Appleton," Or, an apple tree eradicated proper fructed gules, quartered with argent, a gatehouse cendrée",,Reach,House Tyrell,,,Appleton,,,,,,,,,,,,,
House Doggett," Per bend, a white unicorn on a green field, a black raven on a white field<br>(<i>Per bend vert and argent, in sinister chief a unicorn rampant of the second, and in dexter base a raven closed sable</i>)",,Westerlands,House Lannister,,,,,,,,,,,,,,,,
House Hamell," An erminois maunch, on a pink field with an erminois border<br>(<i>Carnation, a maunch within a bordure erminois</i>)",,Westerlands,House Lannister,,,,,,,,,,,,,,,,
House Bridges, A black stone bridge with three arches upon a golden chief above three blue pallets on white,,Reach,House Tyrell,,,,,,,,,,,,,,,,
House Cordwayner," Lozengny vert and or, a pair of boots sable",,Reach,House Tyrell,,,Hammerhal,,,,,,,,,,,,,
House Drox," Three black crossbows, on a gold field with a black border<br>(<i>Or, three crossbows within a bordure sable</i>)",,Westerlands,House Lannister,,,,,,,,,,,,,,,,
House Graves," Green and white gyronny, a double-headed eagle counter-charged, gold beak and talons",,Reach,House Tyrell,,,,,,,,,,,,,,,,
House Kidwell," Cendrée masoned sable, semy of ivy leaves vert",,Reach,House Tyrell,,,Ivy Hall,,,,,,,,,,,,,
House Bushy, A green fess embattled on white,,Reach,House Tyrell,,,,,,,,,,,,,,,,
House Hastwyck, Barry olive and ivory,,Reach,House Tyrell,, <i>None so Dutiful</i>,,,,,,,,,,,,,,
House Hutcheson," Or, two bendlets between in base dexter a hand pointing to chief sinister, and in chief sinister a sun in splendour gules",,Reach,House Tyrell,,,,,,,,,,,,,,,,
House Lyberr," Per bend sinister: a grey cat's face on black, a brown jug on white",,Reach,House Tyrell,,,,,,,,,,,,,,,,
House Lowther, A silver dolphin on a blue-green field,,Reach,House Tyrell,,,,,,,,,,,,,,,,
House Middlebury," Quarterly, a black saltire on yellow, green and white diamonds",,Reach,House Tyrell,,,,,,,,,,,,,,,,
House Redding," Gules, a flagon Or within a bordure chequy Or and argent",,Reach,House Tyrell,,,,,,,,,,,,,,,,
House Oldflowers," Vert, ten hands couped argent surmounted by a bend sinister gules",,Reach,House Tyrell,,,,,,,,,,,,,,,,
House Orme," Per fess sable and bendy Or and argent, in chief three harps in fess of the seocnd",,Reach,House Tyrell,,,,,,,,,,,,,,,,
House Roxton," Bleu celeste, per saltire a chain of rings Or",,Reach,House Tyrell,,,Ring,,,Orphan-Maker,,,,,,,,,,
House Pommingham," A red pomegranate on white, a double tressure red",,Reach,House Tyrell,,,,,,,,,,,,,,,,
House Sloane," Per pale, white stars strewn on indigo, an orange sun on yellow",,Reach,House Tyrell,,,,,,,,,,,,,,,,
House Woodwright, A red pall on a field of oak,,Reach,House Tyrell,,,,,,,,,,,,,,,,
House Westbrook, Two green bars gemmel on gold,,Reach,House Tyrell,,,,,,,,,,,,,,,,
House Yelshire," Barry vert and Or, on a chief sable a battering-ram proper headed Or",,Reach,House Tyrell,,,,,,,,,,,,,,,,
House Horpe," Per chevron engrailed grey and bone, three death's head moths counterchanged<br>(<i>Per chevron reversed engrailed cendrée and argent, three death's head moths counterchanged</i>)",,Stormlands,House Baratheon,,,,,,,,,,,,,,,,
House Kellington," A black book bound in bronze, locked, on a pale blue field<br>(<i>Azure, a locked book sable, edged and garnished tenné</i>)",,Stormlands,House Baratheon,,,,,,,,,,,,,,,,
House Herston," A yellow rooster's head with red comb, within a white escutcheon, on a red field<br>(<i>Gules, on an escutcheon argent, a cock's head or, combed and wattled of the field</i>)",,Stormlands,House Baratheon,,,,,,,,,,,,,,,,
House Peasebury," A green pea pod, burst open, on a white field, bordered by three rows of green peas<br>(<i>Argent, a pea pod open within a bordure of three rows of peas vert</i>)",Robin Peasebury,Stormlands,House Baratheon of Dragonstone,,,Poddingfield, Lord of Poddingfield,,,,,,,,,,,,
House Musgood," Quarterly: A golden pavilion on a blue field, a green laurel crown on a white field<br>(<i>Quarterly, first and fourth, azure, a pavilion or, second and third, argent, a garland of laurel vert</i>)",,Stormlands,House Baratheon,,,,,,,,,,,,,,,,
House Mertyns," A white great horned owl on a grey field<br>(<i>Cendrée, a great-horned owl close affronté argent</i>)",Mary Mertyns,Stormlands,House Baratheon,,,Mistwood,,,,,,,,,,,,,
House Tudbury," A brown tortoise within a yellow lozenge, on a green field<br>(<i>Vert, on a lozenge or a tortoise tergiant tenné</i>)",,Stormlands,House Baratheon,,,,,,,,,,,,,,,,
House Swygert," A white scroll with gold knobs, on a purple field within a white tressure<br>(<i>Purpure a scroll argent, knobbed or, within a tressure of the second</i>)",,Stormlands,House Baratheon,, <i>Truth Conquers</i>,,,,,,,,,,,,,,
House Ladybright,,,Dorne,House Martell,,,,,,,,,,,,,,,,
House Hunt," Argent, a deer bound and slung on a pole fesswise tenny",,The Reach,House Tarly,,,,,,,,,,,,,,,,
House Goodbrother of Orkmont,,,Iron Islands,House Greyjoy,,,,,,,,,,,,,,,,
House Cole," Ten black pellets, on a scarlet field<br>(<i>Gules, ten pellets, 4, 3, 2, 1</i>)",,Stormlands,,,,,,,,,,,,,,,,,
House Rogers," Nine silver unicorns around a silver maze, on a black field<br>(<i>Sable, a maze surrounded by an orle of nine unicorns rampant argent</i>)",,Stormlands,House Baratheon,,,Amberly,,,,,,,,,,,,,
,,,,,,,,,,,,,,,,,,,,
House Cox,,Quincy Cox,Riverlands,House Tully,,,Saltpans, Knight of Saltpans,,,,,,,,,,,,
House Dayne of High Hermitage,,Gerold Dayne,Dorne,House Dayne,,,High Hermitage, the Knight of High Hermitage,,,,,,,,,,,,
House Lannister of Lannisport,,,Westerlands,House Lannister,,,Lannisport,,,,,,,,,,,,,
House Arryn of Gulltown,,,Vale,House Arryn,,,Gulltown,,,,,,,,,,,,,
House Clifton,,Gareth Clifton,Westerlands,House Farman,,,,,,,,,,,,,,,,
House Drinkwater,,,Dorne,House Yronwood,,,,,,,,,,,,,,,,
,,,,,,,,,,,,,,,,,,,,
,,,,,,,,,,,,,,,,,,,,
House Westford, A black dog on blue,Mors Westford,Westerlands,House Lannister,,,,,,,,,,,,,,,,
House Forrester," an ironwood tree outline with a sword outline drawn inside it, pointing down. (Telltale)",Rodrik Forrester,The North,House Glover,, <i>Iron from Ice</i> (Telltale),Ironrath,,,,Gerhard Forrester,,,,,,,,,
House Wells (Dorne),,,Dorne,House Martell,,,,,,,,,,,,,,,,
,,,,,,,,,,,,,,,,,,,,
,,,,,,,,,,,,,,,,,,,,
House Thenn," Argent, a sun in splendour gules",Sigorn,North,,,,, Magnar of Thenn,,, Sigorn,300 AC,,,,,,,,
,,,,,,,,,,,,,,,,,,,,
,,,,,,,,,,,,,,,,,,,,
,,,,,,,,,,,,,,,,,,,,
,,,,,,,,,,,,,,,,,,,,
House Peat,,,The Neck,House Reed,,,,,,,,,,,,,,,,
House Tyrell of Brightwater Keep,,Garlan Tyrell,The Reach,House Tyrell of Highgarden,,,Brightwater Keep,Brightwater Keep,,,Garlan Tyrell,299 AC,,,,,,,,
House Cray,,,The Neck,House Reed,,,,,,,,,,,,,,,,
House Quagg,,,The Neck,House Reed,,,,,,,,,,,,,,,,
House Boggs (north),,,North,House Reed,,,,,,,,,,,,,,,,
House Blackmyre,,,The Neck,House Reed,,,,,,,,,,,,,,,,
,,,,,,,,,,,,,,,,,,,,
House Bole,,,The North,House Glover,,,,,,,,,,,,,,,,
House Woods,,,The North,House Glover,,,,,,,,,,,,,,,,
House Greengood,,,The Neck,House Reed,,,,,,,,,,,,,,,,
,,,,,,,,,,,,,,,,,,,,
,,,,,,,,,,,,,,,,,,,,
,,,,,,,,,,,,,,,,,,,,
,,,,,,,,,,,,,,,,,,,,
,,,,,,,,,,,,,,,,,,,,
,,,,,,,,,,,,,,,,,,,,
,,,,,,,,,,,,,,,,,,,,
,,,,,,,,,,,,,,,,,,,,
,,,,,,,,,,,,,,,,,,,,
,,,,,,,,,,,,,,,,,,,,
,,,,,,,,,,,,,,,,,,,,
,,,,,,,,,,,,,,,,,,,,
,,,,,,,,,,,,,,,,,,,,
,,,,,,,,,,,,,,,,,,,,
,,,,,,,,,,,,,,,,,,,,
,,,,,,,,,,,,,,,,,,,,
House Strickland,,Harry Strickland,,,,,,,,,,,,,,,,,,
,,,,,,,,,,,,,,,,,,,,
,,,,,,,,,,,,,,,,,,,,
House Branch,,,The North,House Glover,,,,,,,,,,,,,,,,
,,,,,,,,,,,,,,,,,,,,
House Redbeard,,Gerrick Kingsblood,Wall,House Baratheon of Dragonstone,,,, King of the Wildlings,,, Gerrick Kingsblood,300 AC,,,,,,,,
House Mandrake, unknown,, unknown,,, unknown, unknown,,,,,,,,,,,,,
House Harlaw of Grey Garden," Quartered: a silver scythe on black, a peacock on cream",Harras Harlaw,Iron Islands,House Harlaw,,,Grey Garden, Knight of Grey Garden<br>Lord of Greyshield,,,,,,,,,,,,
House Lannister of Darry," Quarterly, a gold lion on a red field; a black plowman on a brown field<br>(<i>Quarterly, first and fourth gules a lion rampant or (for Lannister), second and third tenné a plowman sable (for Darry)</i>)",Lancel Lannister,Riverlands,House Baelish of Harrenhal,,,Darry, Lord of Darry,,,Lancel Lannister,299 AC,,,,,,,,
,,,,,,,,,,,,,,,,,,,,
House Ashwood,,,North,House Bolton,,,,,,,,,,,,,,,,
,,,,,,,,,,,,,,,,,,,,
,,,,,,,,,,,,,,,,,,,,
House Holt (north),,,North,House Bolton,,,,,,,,,,,,,,,,
House Long,,,North,House Bolton,,,,,,,,,,,,,,,,
House Chambers,,,Riverlands,,,,,,,,,,,,,,,,,
House Perryn,,,Riverlands,,,,,,,,,,,,,,,,,
House Bigglestone,,,Riverlands,,,,,,,,,,,,,,,,,
Norren (House Mooton),,,,,,,,Maester,,,,,,House Mooton,The Princess and the Queen,108 AC,,,,
House Darke,,,Crownlands,,,,,,,,,,,,,,,,,
,,,,,,,,,,,,,,,,,,,,
,,,,,,,,,,,,,,,,,,,,
House Ironmaker,,Erik Ironmaker,Iron Islands,House Greyjoy,,,,,,,,,,,,,,,,
House Harlaw of Harlaw Hall," Per bend black and silver, two scythes counterchanged",Sigfryd Harlaw,Iron Islands,House Harlaw,,,Harlaw Hall, Master of Harlaw Hall,,,,,,,,,,,,
,,,,,,,,,,,,,,,,,,,,
,,,,,,,,,,,,,,,,,,,,
House Durrandon," A black crowned stag, on a gold field<br>(<i>Or, a stag salient, crowned, sable</i>)",,The Stormlands,,1 AC, <i>Ours is the Fury</i>,Storm's End,Storm King,House Baratheon,,Durran,Age of Heroes, Extinct,,,,,,,
,,,,,,,,,,,,,,,,,,,,
,,,,,,,,,,,,,,,,,,,,
,,,,,,,,,,,,,,,,,,,,
,,,,,,,,,,,,,,,,,,,,
,,,,,,,,,,,,,,,,,,,,
House Harlaw of the Tower of Glimmering, The Harlaw scythe girdled within an embattled border.,Hotho Harlaw,Iron Islands,House Harlaw,,,Tower of Glimmering, Master of the Tower of Glimmering,,,,,,,,,,,,
House Grey,,,Riverlands,,,,,,,,,,,,,,,,,
House Goode, Unknown, Extinct?, Unknown,,,,,,,,,,,,,,,,,
House Harlaw of Harridan Hill, the Harlaw scythe on a pale blue field,Boremund Harlaw,Iron Islands,House Harlaw,,,Harridan Hill, Master of Harridan Hill,,,,,,,,,,,,
,,,,,,,,,,,,,,,,,,,,
House Blackberry,,,crownlands,House Baratheon of Dragonstone,,,,,,,,,,,,,,,,
House Cupps,, Unknown,,,,, Unknown,,,,,,,,,,,,,
House Hawthorne," A ring of black thorns and a ring of pink flowers, interlocked, on a green field<br>(<i>Vert, two interlocking annulets, one composed of thorns sable, the other of flowers carnation</i>)",,Westerlands,House Lannister,,,,,,,,,,,,,,,,
,,,,,,,,,,,,,,,,,,,,
,,,,,,,,,,,,,,,,,,,,
House Shell (Vale),,,the Vale,,Andal invasion,,,King of the Fingers,,,,,,,,,,,,
House Brightstone,,,the Vale,,Andal invasion,,,King of the Fingers,,,,,,,,,,,,
House Ryder,, Possibly extinct,the North,House Stark,,,Rills,,,,,,,,,,,,,
House Dryland,,,Dorne, none,Rhoynar migration,,,King of the Brimstone,,,,,,,,,,,,
House Fisher of the Stony Shore,, Possibly extinct,the North,House Stark,,,Stony Shore,,,,,,,,,,,,,
House Flint of Breakstone Hill,, Possibly extinct,the North,House Stark,,,Breakstone Hill,,,,,,,,,,,,,
House Hook,,,Riverlands,,,, Extinct,,,,,,,,,,,,,
House Amber,, Extinct,the North,,,,,,,,,,,,,,,,,
House Greenwood,, Extinct,the North,,,,,,,,,,,,,,,,,
House Frost,, Extinct,the North,,,,,,,,,,,,,,,,,
House Towers (north),, Extinct,North,,,,,,,,,,,,,,,,,
,,,,,,,,,,,,,,,,,,,,
,,,,,,,,,,,,,,,,,,,,
House Nutt,,,Riverlands,,,,,,,,,,,,,,,,,
,,,,,,,,,,,,,,,,,,,,
House Sweet,,,,House Baratheon of Dragonstone,,,,,,,,,,,,,,,,
House Briar,,,Dorne, none,,,,High King of Dorne,,,,,,,,,,,,
,,,,,,,,,,,,,,,,,,,,
House Lake (Dorne),,,Dorne, none,,,,High King of Dorne,,,,,,,,,,,,
House Brook,,,Dorne, none,,,,High King of Dorne,,,,,,,,,,,,
House Hull,,,Dorne, none,,,,High King of Dorne,,,,,,,,,,,,
,,,,,,,,,,,,,,,,,,,,
House Holt (Dorne),,,Dorne, none,,,,High King of Dorne,,,,,,,,,,,,
House Brownhill,,,Dorne, none,,,,High King of Dorne,,,,,,,,,,,,
House of the Undying servitor,,,,,,,,,,,,,,Undying Ones,A Clash of Kings,,Qartheen,,,
House Shell (Dorne),,,Dorne, none,,,,High King of Dorne,,,,,,,,,,,,
,,,,,,,,,,,,,,,,,,,,
House Wade,,,Dorne, none,,,,High King of Dorne,,,,,,,,,,,,
House Belgrave, unknown, unknown, unknown,,,,,,,,,,,,,,,,,
,,,,,,,,,,,,,,,,,,,,
House Penny, Unknown,, Unknown,,,,,,,,,,,,,,,,,
,,,,,,,,,,,,,,,,,,,,
,,,,,,,,,,,,,,,,,,,,
,,,,,,,,,,,,,,,,,,,,
,,,,,,,,,,,,,,,,,,,,
House Kyndall,,,Westerlands,House Lannister,,,,,,,,,,,,,,,,
House Branfield,,Malcolm Branfield,North,,,,Ironrath,,,,,,,,,,,,,
House Shett of Gulltown," Nine white seagulls on a field of brown<br>(<i>Tenné, nine seagulls argent, 3, 3, 2, 1</i>)",,Vale,House Grafton,,,Gulltown,,,,,,,,,,,,,
House Breakstone, A red sledge,,Vale,,,,,,,,,,,,,,,,,
,,,,,,,,,,,,,,,,,,,,
House Darkwood,,,Crownlands,,,,,,,,,,,,,,,,,
House Longwaters,,,Crownlands,House Baratheon of King's Landing,,,,,,,,,,,,,,,,
,,,,,,,,,,,,,,,,,,,,
House Dargood,,,Crownlands,,,,,,,,,,,,,,,,,
,,,,,,,,,,,,,,,,,,,,
,,,,,,,,,,,,,,,,,,,,
House Lipps," Two large pink lips, on a dark blue field<br>(<i>Azure, a pair of lips carnation</i>)",,Vale,House Arryn,,,,,,,,,,,,,,,,
House Glenmore,,,North,,,,Rillwater Crossing,,,,,,,,,,,,,
House Heddle,,,Riverlands,House Baelish of Harrenhal,,,,,,,,,,,,,,,,
House Lanny,,,Westerlands,,,,,,,,,,,,,,,,,
House Lannett,,,Westerlands,,,,,,,,,,,,,,,,,
House Lantell,,,Westerlands,,,,,,,,,,,,,,,,,
,,,,,,,,,,,,,,,,,,,,
House Harlton, A silver tree on green,,Riverlands,House Tully,,,Castlewood,,,,,,,,,,,,,
House Sarwyck, A broken silver sword on red,,Westerlands,House Lannister,,,Riverspring,,,,,,,,,,,,,
,,,,,,,,,,,,,,,,,,,,
,,,,,,,,,,,,,,,,,,,,
,,,,,,,,,,,,,,,,,,,,
The House of Black and White,,,,,,,,,,,,,,,,,,5," April 19th, 2015",Michael Slovis
,,,,,,,,,,,,,,,,,,,,
,,,,,,,,,,,,,,,,,,,,
,,,,,,,,,,,,,,,,,,,,
,,,,,,,,,,,,,,,,,,,,
,,,,,,,,,,,,,,,,,,,,
,,,,,,,,,,,,,,,,,,,,
House Bolton of Winterfell, A red flayed man on pink de sang,Ramsay Bolton,north,House Bolton,, <i>Our Blades are Sharp</i>,Winterfell, Lord of Winterfell,,,,300 AC,,,,,,,,
House Pemford,,,riverlands,House Tully,,,,,,,,,,,,,,,,
